,stn,wban,yearmoda,temp,count_temp,dewp,count_dewp,slp,count_slp,stp,count_stp,visib,count_visib,wdsp,count_wdsp,mxspd,gust,max,min,prcp,sndp,frshtt
0,337610,99999,20160101,14.1,6,11.4,6,1028.9,6,1004.9,6,4.6,6,5.8,6,7.8,999.9,19.0,10.9*,0.03F,0.4,001000
1,337610,99999,20160102,4.1,7,0.4,7,1032.6,7,1008.0,7,7.1,7,8.7,6,11.7,999.9,8.6,-0.4,0.00F,999.9,001000
2,337610,99999,20160103,0.1,7,-3.2,7,1029.2,7,1004.4,7,7.6,7,999.9,0,999.9,999.9,6.4,-4.4,0.00E,1.2,000000
3,337610,99999,20160104,2.3,8,-1.1,8,1017.0,8,993.6,7,8.6,8,4.3,5,5.8,999.9,10.0*,-9.6,0.00I,1.2,000000
4,337610,99999,20160105,16.3,7,14.9,7,1007.4,7,984.0,7,2.0,7,5.3,7,9.7,999.9,20.3,8.2,0.51F,2.0,001000
5,337610,99999,20160106,20.4,8,20.1,8,1012.2,8,988.8,8,0.8,8,2.2,7,3.9,999.9,22.5,18.1,0.00I,5.1,100000
6,337610,99999,20160107,24.7,7,24.3,7,999.1,7,976.3,7,1.3,7,8.0,7,15.5,999.9,27.1,21.0,0.35F,5.1,111000
7,337610,99999,20160108,23.7,6,21.8,6,1001.6,6,978.7,6,4.1,6,4.2,6,7.8,999.9,25.9,21.7*,0.17F,999.9,011000
8,337610,99999,20160109,27.5,8,21.2,8,1012.0,8,989.1,8,9.9,8,3.6,7,3.9,999.9,35.2,22.1,0.00I,999.9,000000
9,337610,99999,20160110,25.8,7,24.5,7,1012.3,7,989.3,7,3.4,7,5.2,6,9.7,999.9,32.4,18.3,0.16E,6.3,011000
10,337610,99999,20160111,31.5,7,31.4,7,1007.1,7,984.4,7,0.5,7,3.9,4,5.8,999.9,33.3,30.6*,0.20E,5.9,110000
11,337610,99999,20160112,35.1,7,34.3,7,997.3,6,975.0,6,1.1,7,6.1,7,7.8,999.9,39.7,30.6,0.08E,5.5,100000
12,337610,99999,20160113,35.3,8,30.4,8,1004.5,8,982.1,8,7.9,8,3.6,8,5.8,999.9,40.1,32.7*,0.00I,4.3,000000
13,337610,99999,20160114,31.8,8,27.5,8,1013.1,8,990.3,8,8.9,8,2.5,7,3.9,999.9,38.3,28.2*,0.00I,3.9,000000
14,337610,99999,20160115,27.5,8,23.7,8,1016.7,8,993.6,8,7.8,8,5.8,8,11.7,999.9,34.3*,19.2,99.99,3.9,010000
15,337610,99999,20160116,33.4,7,29.1,7,1009.1,7,986.5,7,9.2,7,4.7,7,9.7,999.9,36.0,29.1*,0.16E,3.1,110000
16,337610,99999,20160117,21.9,7,15.9,7,1010.9,7,987.7,7,7.5,7,15.0,7,19.4,999.9,27.9*,17.4*,0.04E,3.1,001000
17,337610,99999,20160118,18.1,6,12.1,6,1007.9,6,984.6,6,1.4,6,16.2,6,21.4,999.9,19.2*,17.4,0.16F,3.9,001000
18,337610,99999,20160119,19.5,8,12.2,8,1014.0,8,990.5,8,12.4,8,6.3,8,9.7,999.9,24.3,17.1,0.00I,6.7,000000
19,337610,99999,20160120,17.5,8,9.0,8,1021.6,8,997.9,8,12.4,8,2.5,7,3.9,999.9,26.6,12.6,0.00I,6.7,000000
20,337610,99999,20160121,16.0,8,10.2,8,1021.2,8,997.4,8,12.4,8,2.3,6,3.9,999.9,25.7,10.4,0.00I,6.7,000000
21,337610,99999,20160122,15.5,7,10.7,7,1029.0,7,1005.1,7,8.3,7,3.6,7,5.8,999.9,21.2,9.1*,99.99,6.7,001000
22,337610,99999,20160123,14.4,7,10.9,7,1033.7,7,1009.6,7,4.7,7,999.9,0,999.9,999.9,20.7,5.9,0.00F,6.7,001000
23,337610,99999,20160124,10.9,7,7.4,7,1035.1,7,1010.7,7,9.7,7,2.4,4,3.9,999.9,16.7,4.3*,0.00F,6.7,001000
24,337610,99999,20160125,11.7,7,10.3,7,1028.8,7,1004.6,7,3.8,7,5.2,6,9.7,999.9,22.1*,3.2,0.04E,6.7,001000
25,337610,99999,20160126,20.7,7,19.2,7,1027.1,7,1003.4,7,3.4,7,5.5,6,9.7,999.9,24.8*,18.1*,0.20E,8.7,001000
26,337610,99999,20160127,28.1,8,26.7,8,1022.3,8,999.2,8,2.5,8,4.6,8,5.8,999.9,36.7*,18.0,0.04E,8.7,100000
27,337610,99999,20160128,39.4,8,34.6,8,1018.5,8,996.0,8,9.0,8,4.6,8,5.8,999.9,43.2,34.5,0.00I,7.1,000000
28,337610,99999,20160129,36.3,8,30.8,8,1025.2,8,1002.3,8,10.9,8,4.1,8,5.8,999.9,38.8,33.8*,0.00I,3.9,000000
29,337610,99999,20160130,32.8,8,30.9,8,1026.3,8,1003.3,8,4.4,8,6.6,8,13.6,999.9,40.5,28.0,0.00I,3.9,100000
30,337610,99999,20160131,35.2,8,33.3,8,1012.3,8,989.7,8,2.6,8,8.0,8,11.7,999.9,41.4,32.0,0.00I,3.1,100000
31,337610,99999,20160201,35.3,8,27.8,8,1014.8,8,992.1,8,10.9,8,4.4,8,5.8,999.9,41.9,31.8,0.00I,2.8,000000
32,337610,99999,20160202,36.0,8,32.9,8,1019.2,8,996.5,8,7.9,8,5.8,8,13.6,999.9,39.6,30.6,0.00E,2.0,000000
33,337610,99999,20160203,40.3,8,36.8,8,1013.2,8,990.8,8,6.5,8,3.1,7,5.8,999.9,46.6,35.6,0.00I,1.6,000000
34,337610,99999,20160204,34.0,6,32.8,6,1012.9,6,990.2,6,2.7,6,5.5,6,9.7,999.9,36.0*,32.5*,0.06F,0.8,010000
35,337610,99999,20160205,32.3,8,28.5,8,1020.2,8,997.3,8,7.8,8,2.2,7,3.9,999.9,36.9,29.3,0.00I,0.8,000000
36,337610,99999,20160206,32.3,8,20.7,8,1026.9,8,1003.8,8,12.4,8,4.2,7,5.8,999.9,34.9,30.9,0.00I,0.4,000000
37,337610,99999,20160207,29.7,8,22.4,8,1029.3,8,1006.1,8,10.4,8,6.5,6,7.8,999.9,35.8,23.0,0.00I,0.4,000000
38,337610,99999,20160208,31.4,8,28.0,8,1026.3,8,1003.2,8,6.5,8,9.5,8,11.7,999.9,37.8,27.3,0.00I,0.4,000000
39,337610,99999,20160209,36.1,8,32.9,8,1019.6,8,996.9,8,7.5,8,9.2,8,11.7,999.9,40.6,30.2,0.00I,0.4,000000
40,337610,99999,20160210,39.6,8,38.1,8,1009.5,8,987.1,8,3.2,8,13.6,8,15.5,999.9,42.8,36.1,0.00I,999.9,100000
41,337610,99999,20160211,38.2,6,35.8,6,1003.5,6,981.2,6,5.0,6,6.8,6,11.7,999.9,43.9,32.5*,0.39F,999.9,010000
42,337610,99999,20160212,37.0,8,30.5,8,1013.9,8,991.3,8,10.4,8,4.2,7,5.8,999.9,45.7,29.1,0.00I,999.9,000000
43,337610,99999,20160213,35.1,8,34.4,8,1009.0,8,986.4,8,2.4,8,7.8,8,11.7,999.9,37.8,30.7,99.99,999.9,110000
44,337610,99999,20160214,45.0,6,39.1,6,1000.5,6,978.6,6,8.3,6,6.8,6,11.7,999.9,53.8,36.0,0.59F,999.9,010000
45,337610,99999,20160215,42.5,7,41.7,7,1011.4,7,989.2,7,1.9,7,7.2,7,9.7,999.9,51.1,34.7,0.00I,999.9,100000
46,337610,99999,20160216,47.4,8,43.7,8,1024.2,8,1001.8,8,5.7,8,5.6,8,9.7,999.9,54.1,42.3*,0.00E,999.9,010000
47,337610,99999,20160217,38.9,7,34.1,7,1036.2,7,1013.2,7,9.5,7,6.7,7,9.7,999.9,45.0,32.4*,0.00E,999.9,000000
48,337610,99999,20160218,32.7,6,23.1,6,1033.5,6,1010.3,6,12.4,6,5.5,6,7.8,999.9,39.7*,28.8,0.00I,999.9,000000
49,337610,99999,20160219,32.9,8,22.4,8,1023.7,8,1000.7,8,10.9,8,5.8,8,7.8,999.9,39.9,28.4,0.00I,999.9,000000
50,337610,99999,20160220,29.2,8,24.0,8,1024.5,8,1001.3,8,7.6,8,5.3,8,9.7,999.9,31.6,27.7,99.99,999.9,001000
51,337610,99999,20160221,30.9,7,27.5,7,1016.8,7,993.9,7,7.3,7,5.5,7,7.8,999.9,34.2,25.5,0.04E,0.8,001000
52,337610,99999,20160222,45.2,8,37.8,8,1010.1,8,988.0,8,8.8,8,9.0,8,13.6,999.9,58.8,32.0,0.00I,999.9,000000
53,337610,99999,20160223,48.0,8,42.2,8,1008.8,8,986.8,8,9.2,8,4.1,8,5.8,999.9,57.6,39.9,99.99,999.9,010000
54,337610,99999,20160224,46.7,7,42.5,7,1006.4,7,984.4,7,6.7,7,5.5,6,11.7,999.9,57.9,36.3*,0.28F,999.9,000010
55,337610,99999,20160225,38.0,8,27.3,8,1016.5,8,993.9,8,10.2,8,5.1,8,7.8,999.9,46.0,32.4,0.00I,999.9,000000
56,337610,99999,20160226,39.7,8,35.3,8,1014.2,8,991.8,8,7.9,8,8.3,8,11.7,999.9,45.5,34.9,0.00E,999.9,010000
57,337610,99999,20160227,37.1,7,34.4,7,1019.3,7,996.6,7,5.0,7,6.9,7,9.7,999.9,40.3*,33.4*,0.04E,999.9,010000
58,337610,99999,20160228,38.8,8,34.7,8,1027.0,8,1004.3,8,8.9,8,4.9,8,7.8,999.9,44.4,31.6,0.00I,999.9,000000
59,337610,99999,20160229,42.7,7,41.0,7,1024.4,7,1001.9,7,4.0,7,10.5,7,13.6,999.9,45.1,40.1,0.00E,999.9,010000
60,337610,99999,20160301,45.7,6,44.1,5,1011.6,6,989.5,6,3.1,6,7.8,6,11.7,999.9,51.3,41.9,0.00F,999.9,100000
61,337610,99999,20160302,43.5,7,39.6,7,1008.4,7,986.2,7,5.0,7,3.3,7,5.8,999.9,54.9,37.8*,0.00I,999.9,100000
62,337610,99999,20160303,40.2,8,35.0,8,1006.5,8,984.3,8,7.0,8,7.8,8,13.6,999.9,48.2*,32.0,99.99,999.9,010000
63,337610,99999,20160304,36.5,6,35.2,6,1002.7,6,980.4,6,2.7,6,6.8,6,9.7,999.9,37.4,36.0*,0.37F,999.9,010000
64,337610,99999,20160305,36.4,8,33.1,8,1009.9,8,987.4,8,7.8,8,4.5,6,5.8,999.9,41.5*,33.8,0.00I,999.9,000000
65,337610,99999,20160306,38.1,8,36.9,8,1012.8,8,990.3,8,3.2,8,8.7,8,11.7,999.9,46.4,31.1,0.00I,999.9,100000
66,337610,99999,20160307,46.8,8,40.7,8,1011.9,8,989.9,8,6.8,8,11.9,8,15.5,999.9,59.2,38.5,0.00I,999.9,000000
67,337610,99999,20160308,47.8,8,37.9,8,1012.8,8,990.7,8,8.0,8,9.7,8,15.5,999.9,59.7,38.7,0.00I,999.9,000000
68,337610,99999,20160309,47.5,8,40.8,8,1015.5,8,993.4,8,6.9,8,4.6,8,5.8,999.9,58.1,40.1,0.00I,999.9,100000
69,337610,99999,20160310,47.9,8,34.9,8,1015.6,8,993.5,8,11.7,8,9.5,8,15.5,999.9,59.0,39.6,0.00I,999.9,000000
70,337610,99999,20160311,41.2,7,37.1,7,1019.7,7,997.2,7,6.4,7,6.7,7,9.7,999.9,44.6,39.9,0.01F,999.9,010000
71,337610,99999,20160312,42.5,6,39.3,6,1023.4,6,1000.9,6,6.9,6,2.9,6,3.9,999.9,46.9,38.8,0.04F,999.9,010000
72,337610,99999,20160313,39.7,7,34.4,7,1023.5,7,1000.8,7,8.3,7,7.5,7,15.5,999.9,51.3,35.4*,0.01F,999.9,010000
73,337610,99999,20160314,35.6,8,22.3,8,1022.1,8,999.2,8,12.4,8,11.9,8,19.4,999.9,42.6,32.9,0.00I,999.9,000000
74,337610,99999,20160315,32.9,7,21.9,7,1024.0,7,1001.0,7,12.4,7,5.8,7,9.7,999.9,39.2,31.3,0.00E,999.9,011000
75,337610,99999,20160316,35.6,8,19.5,8,1028.3,8,1005.3,8,12.4,8,6.1,8,7.8,999.9,46.6,27.3,0.00I,999.9,000000
76,337610,99999,20160317,38.8,8,28.6,8,1020.2,8,997.6,8,12.4,8,7.0,8,9.7,999.9,50.4,32.0,0.00I,999.9,000000
77,337610,99999,20160318,46.7,8,31.3,8,1008.0,8,986.0,8,12.4,8,7.8,8,11.7,999.9,54.7,41.4,0.00I,999.9,000000
78,337610,99999,20160319,32.2,7,19.1,7,1010.5,7,987.7,7,12.4,7,10.0,7,17.5,999.9,40.6*,25.7*,0.00E,999.9,001000
79,337610,99999,20160320,37.1,8,17.8,8,1013.3,8,990.7,8,12.4,8,8.0,8,11.7,999.9,48.7,23.4,0.00I,999.9,000000
80,337610,99999,20160321,41.3,8,27.2,8,1011.7,8,989.3,8,12.4,8,4.9,8,7.8,999.9,47.8,32.7*,0.00I,999.9,000000
81,337610,99999,20160322,38.6,7,30.9,7,1008.5,7,986.2,7,9.7,7,3.6,7,7.8,999.9,52.5,29.3,0.00E,999.9,000000
82,337610,99999,20160323,41.4,6,31.6,6,1008.3,6,986.0,6,9.1,6,3.9,6,3.9,999.9,49.1,30.6,0.00I,999.9,000000
83,337610,99999,20160324,34.8,6,32.8,6,1000.9,5,978.5,5,4.1,6,14.2,6,15.5,999.9,37.4,32.0,0.83F,1.6,011000
84,337610,99999,20160325,34.2,8,26.5,8,1011.7,8,989.0,8,11.7,8,7.5,8,11.7,999.9,38.5,31.5,0.00I,999.9,000000
85,337610,99999,20160326,34.6,7,30.6,7,1016.0,7,993.3,7,5.7,7,4.7,7,9.7,999.9,42.6,30.6,0.06F,0.4,001000
86,337610,99999,20160327,38.5,8,26.4,8,1017.3,8,994.7,8,10.9,8,3.4,8,7.8,999.9,50.4,27.1,0.00I,999.9,000000
87,337610,99999,20160328,42.2,8,21.6,8,1014.1,8,991.7,8,12.4,8,5.8,6,11.7,999.9,54.0,31.1,0.00I,999.9,000000
88,337610,99999,20160329,46.8,8,23.9,8,1012.9,8,990.7,8,12.4,8,3.9,8,7.8,999.9,58.8,30.2,0.00I,999.9,000000
89,337610,99999,20160330,46.6,7,34.9,7,1017.7,7,995.5,7,10.1,7,5.0,7,5.8,999.9,59.4,40.1,0.01F,999.9,010000
90,337610,99999,20160331,54.7,8,42.3,8,1016.4,8,994.5,8,11.2,8,5.6,8,7.8,999.9,69.1,41.7,0.04E,999.9,010000
91,337610,99999,20160401,59.8,8,41.4,8,1009.6,8,988.1,8,10.4,8,7.8,8,13.6,999.9,75.9,43.3,0.00I,999.9,000000
92,337610,99999,20160402,41.7,6,27.9,6,1021.3,6,998.7,6,10.8,6,8.4,6,11.7,999.9,45.7*,36.7,0.02E,999.9,000000
93,337610,99999,20160403,45.2,8,22.7,8,1024.0,8,1001.5,8,12.4,8,4.4,7,7.8,999.9,57.7,31.1,0.00I,999.9,000000
94,337610,99999,20160404,49.5,8,31.5,8,1017.0,8,994.9,8,12.4,8,6.3,8,7.8,999.9,63.3,37.6,0.00I,999.9,000000
95,337610,99999,20160405,49.0,8,39.5,8,1013.8,8,991.7,8,8.9,8,7.0,8,9.7,999.9,65.7,38.1,0.00I,999.9,100000
96,337610,99999,20160406,52.0,8,40.9,8,1011.8,8,989.9,8,8.2,8,5.8,8,7.8,999.9,66.0,41.7,0.00E,999.9,000000
97,337610,99999,20160407,52.4,7,44.7,7,1013.3,7,991.5,7,7.5,7,3.9,7,7.8,999.9,72.3,40.3,0.00I,999.9,100000
98,337610,99999,20160408,57.1,8,40.5,8,1012.3,8,990.7,8,8.9,8,4.6,8,9.7,999.9,75.2,42.4,0.00I,999.9,100000
99,337610,99999,20160409,61.0,8,41.6,8,1005.0,8,983.6,8,12.4,8,6.3,8,11.7,999.9,74.7,52.0,0.00I,999.9,000000
100,337610,99999,20160410,58.4,8,44.4,8,1002.9,8,981.5,8,12.4,8,4.4,7,7.8,999.9,68.0,46.9,0.00I,999.9,000000
101,337610,99999,20160411,54.3,7,51.1,7,1006.8,7,985.2,7,4.4,7,4.7,7,5.8,999.9,59.0,51.8,0.00E,999.9,000000
102,337610,99999,20160412,56.6,8,50.4,8,1010.4,8,988.8,8,6.6,8,3.3,7,5.8,999.9,70.7,47.1,0.00I,999.9,100000
103,337610,99999,20160413,55.0,7,51.3,7,1008.4,7,986.8,7,5.5,7,3.1,7,3.9,999.9,68.7,48.7,0.08E,999.9,010010
104,337610,99999,20160414,60.7,8,50.6,8,1003.3,8,982.0,8,9.6,8,6.3,8,9.7,999.9,70.7,49.1,0.00I,999.9,000000
105,337610,99999,20160415,47.6,6,45.2,6,1004.8,6,982.9,6,4.6,6,4.5,6,9.7,999.9,52.5*,40.3*,1.42F,999.9,010000
106,337610,99999,20160416,54.5,8,43.0,8,1015.0,8,993.2,8,10.9,8,6.6,8,9.7,999.9,67.6,39.2,0.00I,999.9,000000
107,337610,99999,20160417,62.0,8,50.7,8,1012.9,8,991.5,8,9.1,8,6.1,8,9.7,999.9,76.8,47.7,0.00I,999.9,000000
108,337610,99999,20160418,69.9,8,50.4,8,1011.9,8,990.8,8,12.4,8,4.9,8,7.8,999.9,83.3,59.7,0.00I,999.9,000000
109,337610,99999,20160419,57.6,7,49.9,7,1015.5,7,993.9,7,9.8,7,5.0,7,7.8,999.9,62.6,54.5*,0.08F,999.9,010000
110,337610,99999,20160420,48.1,6,39.2,6,1014.5,6,992.4,6,7.7,6,5.8,6,7.8,999.9,52.7*,45.3*,0.20F,999.9,010000
111,337610,99999,20160421,44.4,8,31.3,8,1019.5,8,997.1,8,12.4,8,5.8,7,9.7,999.9,53.2,38.3*,0.00I,999.9,000000
112,337610,99999,20160422,53.8,8,33.8,8,1014.3,8,992.4,8,12.4,8,7.3,8,11.7,999.9,66.4,37.2,0.00I,999.9,000000
113,337610,99999,20160423,52.8,8,36.2,8,1011.1,8,989.3,8,12.4,8,5.1,8,7.8,999.9,62.6,43.2,0.00I,999.9,000000
114,337610,99999,20160424,54.2,8,41.1,8,1003.0,8,981.4,8,10.6,8,4.1,8,5.8,999.9,67.1,39.2,0.00I,999.9,000000
115,337610,99999,20160425,51.7,7,45.5,7,998.4,7,976.8,7,8.3,7,3.6,6,7.8,999.9,59.5,43.3,0.04E,999.9,010000
116,337610,99999,20160426,47.9,8,43.3,8,1003.3,8,981.5,8,9.0,8,4.1,8,7.8,999.9,51.6*,45.1*,0.04E,999.9,010000
117,337610,99999,20160427,51.3,8,36.3,8,1011.3,8,989.4,8,11.7,8,6.1,8,13.6,999.9,61.7,42.1,0.00I,999.9,000000
118,337610,99999,20160428,55.8,8,37.1,8,1015.6,8,993.8,8,12.4,8,3.4,8,3.9,999.9,68.9,41.0,0.00I,999.9,000000
119,337610,99999,20160429,58.1,8,43.9,8,1019.6,8,997.9,8,9.8,8,3.3,7,5.8,999.9,70.2,41.9,0.00I,999.9,000000
120,337610,99999,20160430,60.7,8,39.9,8,1019.1,8,997.4,8,11.8,8,3.6,8,5.8,999.9,71.8,47.7,0.00I,999.9,000000
121,337610,99999,20160501,57.9,8,39.4,8,1021.3,8,999.5,8,12.4,8,5.6,8,7.8,999.9,68.0,44.6,0.00I,999.9,000000
122,337610,99999,20160502,57.2,8,39.2,8,1021.0,8,999.2,8,12.4,8,4.1,8,7.8,999.9,67.3,44.8,0.00I,999.9,000000
123,337610,99999,20160503,57.9,8,36.8,8,1014.3,8,992.6,8,12.4,8,6.9,7,9.7,999.9,69.3,43.7,0.00I,999.9,000000
124,337610,99999,20160504,57.8,8,38.5,8,1011.1,8,989.5,8,12.4,8,9.0,8,13.6,999.9,65.1,50.4,0.00I,999.9,000000
125,337610,99999,20160505,61.2,8,36.9,8,1013.1,8,991.6,8,12.4,8,9.5,8,13.6,999.9,72.7,48.9,0.00I,999.9,000000
126,337610,99999,20160506,57.0,8,39.6,8,1013.4,8,991.7,8,11.2,8,8.7,8,15.5,999.9,67.6,46.4*,0.00E,999.9,000010
127,337610,99999,20160507,54.3,8,42.3,8,1015.0,8,993.2,8,10.3,8,3.9,8,7.8,999.9,67.3,40.1,0.00I,999.9,000000
128,337610,99999,20160508,54.4,7,47.5,7,1019.5,7,997.6,7,8.7,7,2.3,6,3.9,999.9,67.1,42.8,0.35E,999.9,010010
129,337610,99999,20160509,57.9,7,47.7,7,1022.8,6,1001.1,7,10.7,7,5.3,4,9.7,999.9,68.4,42.4,0.00F,999.9,100000
130,337610,99999,20160510,56.9,7,49.9,7,1018.6,7,996.8,7,10.4,7,4.7,7,7.8,999.9,72.5,47.8,0.12E,999.9,010000
131,337610,99999,20160511,59.1,8,52.3,8,1012.5,8,990.9,8,8.7,8,4.4,7,7.8,999.9,69.6,52.3,0.01E,999.9,000010
132,337610,99999,20160512,57.2,8,51.7,8,1006.4,8,984.9,8,5.6,8,4.1,8,7.8,999.9,69.8,49.3,0.24E,999.9,010010
133,337610,99999,20160513,55.0,7,52.1,7,1001.5,7,980.0,7,3.5,7,5.6,7,9.7,999.9,69.8,48.2,1.26E,999.9,111000
134,337610,99999,20160514,62.4,7,52.3,7,999.3,7,978.2,7,10.2,7,4.9,6,9.7,999.9,72.3,53.6,0.00I,999.9,000000
135,337610,99999,20160515,57.7,7,50.7,7,1004.0,7,982.6,7,12.4,7,4.2,7,7.8,999.9,70.7,50.2,0.02E,999.9,000000
136,337610,99999,20160516,57.9,7,48.4,7,1011.5,7,990.0,7,11.0,7,4.9,6,7.8,999.9,67.3,46.0,99.99,999.9,010000
137,337610,99999,20160517,50.3,7,45.8,7,1012.3,7,990.4,7,9.4,7,3.9,6,5.8,999.9,56.3,47.1*,0.39A,999.9,000000
138,337610,99999,20160518,52.3,8,43.2,8,1013.3,8,991.4,8,9.7,8,2.9,8,3.9,999.9,61.5,41.9,0.00I,999.9,000000
139,337610,99999,20160519,50.3,7,41.0,7,1013.4,7,991.5,7,9.7,7,2.6,6,3.9,999.9,60.8,41.0,0.03E,999.9,000000
140,337610,99999,20160520,56.8,8,41.5,8,1014.5,8,992.8,8,12.4,8,4.4,8,5.8,999.9,67.6,43.7,0.00I,999.9,000000
141,337610,99999,20160521,62.6,8,43.7,8,1016.4,8,994.9,8,12.4,8,3.6,8,5.8,999.9,73.0,49.8,0.00I,999.9,000000
142,337610,99999,20160522,63.3,8,46.2,8,1016.3,8,994.9,8,12.4,8,4.7,7,7.8,999.9,74.1,50.7,0.00I,999.9,000000
143,337610,99999,20160523,63.5,8,46.1,8,1013.4,8,992.0,8,12.4,8,4.6,8,7.8,999.9,74.3,51.1,0.00I,999.9,000000
144,337610,99999,20160524,63.3,8,51.2,8,1007.8,7,986.6,7,10.2,8,3.6,7,7.8,999.9,75.6,52.7,0.04E,999.9,010010
145,337610,99999,20160525,60.3,6,54.6,6,1005.8,6,984.5,6,9.4,6,4.9,6,7.8,999.9,69.8,55.8,0.09F,999.9,000010
146,337610,99999,20160526,60.0,7,55.9,7,1008.9,6,987.5,6,5.7,7,6.4,7,9.7,999.9,69.8,54.0,0.43F,999.9,010010
147,337610,99999,20160527,63.1,6,57.8,6,1014.4,6,993.0,6,9.6,6,5.2,6,7.8,999.9,72.0,56.8,0.03F,999.9,000000
148,337610,99999,20160528,62.5,7,58.8,7,1013.0,7,991.6,7,7.0,7,3.3,7,5.8,999.9,70.9,58.6,0.04E,999.9,000010
149,337610,99999,20160529,67.3,8,59.7,8,1010.6,8,989.5,8,8.8,8,4.9,8,9.7,999.9,78.1,55.8,0.00I,999.9,100010
150,337610,99999,20160530,63.7,7,60.6,7,1008.9,7,987.7,7,6.7,7,3.9,5,5.8,999.9,72.5,58.1,0.00F,999.9,010010
151,337610,99999,20160531,68.2,8,61.9,8,1009.1,8,988.1,8,8.7,8,3.6,7,9.7,999.9,77.0,57.0,0.00I,999.9,000000
152,337610,99999,20160601,64.8,6,62.5,6,1012.1,6,990.8,6,3.2,6,4.9,6,7.8,999.9,72.0,61.7,1.50F,999.9,010010
153,337610,99999,20160602,60.9,8,53.4,8,1014.0,8,992.5,8,9.4,8,7.8,8,11.7,999.9,66.4,55.0,0.00I,999.9,000000
154,337610,99999,20160603,63.2,8,51.1,8,1010.5,8,989.2,8,11.7,8,7.3,8,9.7,999.9,71.6,56.1,0.00I,999.9,000000
155,337610,99999,20160604,65.1,8,49.6,8,1010.2,8,989.0,7,12.4,8,4.7,7,5.8,999.9,76.3,54.1,0.00I,999.9,000000
156,337610,99999,20160605,68.0,8,52.0,8,1011.0,8,989.8,8,12.4,8,3.2,6,5.8,999.9,78.8,53.6,0.00I,999.9,000000
157,337610,99999,20160606,64.2,8,47.6,8,1011.6,8,990.3,8,12.4,8,6.8,8,15.5,999.9,75.2,52.2*,0.00I,999.9,000000
158,337610,99999,20160607,54.7,8,38.0,8,1020.1,8,998.2,8,12.4,8,6.6,8,9.7,999.9,62.6,44.6,0.00I,999.9,000000
159,337610,99999,20160608,56.0,8,39.1,8,1019.9,8,998.0,8,12.4,8,2.5,7,3.9,999.9,66.0,42.4,0.00I,999.9,000000
160,337610,99999,20160609,60.5,8,43.2,8,1015.3,8,993.7,8,12.4,8,5.3,8,7.8,999.9,70.7,48.0,0.00I,999.9,000000
161,337610,99999,20160610,62.9,8,49.9,8,1012.7,8,991.3,8,12.4,8,7.5,8,9.7,999.9,73.4,52.9,0.20E,999.9,010000
162,337610,99999,20160611,64.1,8,55.8,8,1010.3,8,989.1,8,10.7,8,5.8,7,7.8,999.9,74.1,56.5,0.03F,999.9,000010
163,337610,99999,20160612,62.3,7,53.4,7,1011.9,7,990.5,7,11.4,7,5.3,7,7.8,999.9,68.2,55.4,0.00E,999.9,000000
164,337610,99999,20160613,60.8,7,58.4,7,1006.3,7,985.0,7,4.6,7,5.3,7,7.8,999.9,66.7,56.1,0.51F,999.9,010000
165,337610,99999,20160614,66.7,8,61.5,8,1001.5,8,980.6,8,6.8,8,5.8,8,9.7,999.9,75.2,60.8,0.00I,999.9,000010
166,337610,99999,20160615,65.9,8,62.6,8,1001.4,8,980.4,8,5.5,8,2.2,7,3.9,999.9,75.2,62.2,0.47E,999.9,010010
167,337610,99999,20160616,70.0,8,60.7,8,1010.2,8,989.2,8,9.2,8,2.5,7,3.9,999.9,79.9,58.8,0.00I,999.9,000000
168,337610,99999,20160617,74.2,8,60.3,8,1015.5,8,994.5,8,10.9,8,7.5,8,11.7,999.9,85.1,62.2,0.00I,999.9,000000
169,337610,99999,20160618,75.5,8,65.4,8,1015.8,8,994.9,8,12.4,8,5.8,8,7.8,999.9,85.3,64.8,0.00I,999.9,000000
170,337610,99999,20160619,73.0,7,64.3,7,1019.5,7,998.5,7,10.1,7,2.5,7,3.9,999.9,80.2,63.5,0.94E,999.9,010010
171,337610,99999,20160620,77.2,8,68.7,8,1021.8,8,1000.8,8,10.7,8,4.9,6,7.8,999.9,87.1,66.4,0.00I,999.9,000000
172,337610,99999,20160621,80.7,8,67.8,8,1023.0,7,1002.1,8,11.8,8,3.6,7,5.8,999.9,90.0,69.6,0.00I,999.9,000000
173,337610,99999,20160622,80.8,8,68.9,8,1022.1,8,1001.3,8,11.0,8,3.9,5,5.8,999.9,90.5,67.6,0.00I,999.9,000000
174,337610,99999,20160623,78.8,8,68.9,8,1022.8,8,1001.9,8,8.8,8,5.1,8,7.8,999.9,88.2,69.4,0.00I,999.9,000000
175,337610,99999,20160624,75.5,8,64.0,8,1021.6,8,1000.6,8,9.9,8,5.8,8,9.7,999.9,84.2,67.3*,0.00I,999.9,000000
176,337610,99999,20160625,76.1,8,61.8,8,1019.7,8,998.7,8,10.8,8,4.7,5,5.8,999.9,85.3,64.8,0.00I,999.9,000000
177,337610,99999,20160626,77.6,8,62.2,8,1016.6,8,995.8,8,12.4,8,4.7,7,7.8,999.9,88.3,66.2,0.00I,999.9,000000
178,337610,99999,20160627,78.3,8,62.9,8,1010.9,8,990.2,8,12.4,8,3.3,7,7.8,999.9,90.0,67.3,0.00I,999.9,000000
179,337610,99999,20160628,74.9,8,64.3,8,1007.0,8,986.3,8,9.5,8,6.1,8,9.7,999.9,88.5,67.1*,0.04E,999.9,000010
180,337610,99999,20160629,68.8,6,65.0,6,1009.4,6,988.4,6,9.3,6,6.3,4,9.7,999.9,78.4,65.8,0.03F,999.9,000010
181,337610,99999,20160630,74.7,8,65.6,8,1011.7,8,990.8,8,9.2,8,8.0,8,11.7,999.9,84.4,64.8,0.00E,999.9,000000
182,337610,99999,20160701,76.0,8,65.0,8,1014.8,8,993.9,8,9.4,8,6.9,7,9.7,999.9,85.3,66.9,0.00I,999.9,000000
183,337610,99999,20160702,77.4,8,63.4,8,1015.7,8,994.8,8,10.3,8,3.9,6,5.8,999.9,87.1,64.6,0.00I,999.9,000000
184,337610,99999,20160703,78.1,8,61.5,8,1013.1,8,992.3,8,10.9,8,3.6,7,5.8,999.9,86.9,66.2,0.00I,999.9,000000
185,337610,99999,20160704,67.3,7,57.4,7,1014.8,7,993.5,7,12.4,7,7.8,6,11.7,999.9,74.8,58.5*,0.04E,999.9,000000
186,337610,99999,20160705,66.0,8,48.1,8,1017.4,8,996.0,8,11.2,8,4.2,6,7.8,999.9,77.9,53.1,0.00I,999.9,000000
187,337610,99999,20160706,70.9,8,48.2,8,1012.6,8,991.6,8,12.4,8,5.0,7,7.8,999.9,81.5,57.2,0.00I,999.9,000000
188,337610,99999,20160707,66.1,7,49.7,7,1013.9,7,992.6,7,11.1,7,4.5,6,7.8,999.9,75.0,56.8*,0.03E,999.9,010000
189,337610,99999,20160708,64.0,8,49.4,8,1018.2,8,996.7,8,11.0,8,3.9,6,5.8,999.9,75.2,52.7,0.00I,999.9,000000
190,337610,99999,20160709,66.8,8,51.9,8,1014.7,8,993.4,8,9.9,8,4.4,7,7.8,999.9,79.3,54.3,0.08E,999.9,010000
191,337610,99999,20160710,62.9,7,56.0,7,1014.6,7,993.1,7,9.1,7,3.9,5,5.8,999.9,72.7,55.2,0.00E,999.9,000000
192,337610,99999,20160711,69.3,8,54.8,8,1017.3,8,996.0,8,10.3,8,3.4,4,3.9,999.9,81.3,55.0,0.00I,999.9,000000
193,337610,99999,20160712,76.2,8,54.7,8,1016.7,8,995.8,8,12.4,8,5.6,8,7.8,999.9,88.2,61.9,0.00I,999.9,000000
194,337610,99999,20160713,75.8,8,55.4,8,1014.6,8,993.7,8,12.4,8,5.8,7,7.8,999.9,87.8,61.5,0.00I,999.9,000000
195,337610,99999,20160714,78.4,8,53.4,8,1010.1,8,989.4,8,12.4,8,5.5,7,7.8,999.9,91.4,58.5,0.00I,999.9,000000
196,337610,99999,20160715,79.0,8,56.8,8,1010.6,8,989.9,8,12.4,8,7.1,6,11.7,999.9,94.1,60.8,0.00I,999.9,000000
197,337610,99999,20160716,79.4,8,60.7,8,1011.7,8,991.0,8,12.4,8,6.7,7,9.7,999.9,94.1,64.6,0.00I,999.9,000000
198,337610,99999,20160717,83.9,8,61.0,8,1007.8,8,987.3,8,11.6,8,3.6,6,5.8,999.9,96.3,66.9,0.00I,999.9,000000
199,337610,99999,20160718,71.3,8,62.7,8,1004.4,8,983.5,8,9.5,8,5.8,7,7.8,999.9,77.7,61.9*,0.00E,999.9,010010
200,337610,99999,20160719,65.2,7,54.4,7,1008.9,7,987.7,7,9.9,7,6.1,7,9.7,999.9,73.8,58.8,0.87E,999.9,010010
201,337610,99999,20160720,65.7,8,51.6,8,1012.1,8,990.8,8,12.4,8,3.9,7,7.8,999.9,76.1,57.7,0.00I,999.9,000000
202,337610,99999,20160721,66.0,8,48.4,8,1011.9,8,990.7,8,10.9,8,4.2,7,7.8,999.9,75.2,52.7,0.00I,999.9,000000
203,337610,99999,20160722,66.9,8,55.5,8,1012.5,8,991.3,8,11.2,8,4.6,8,7.8,999.9,73.8,60.8*,0.00I,999.9,000000
204,337610,99999,20160723,67.3,8,58.9,8,1014.4,8,993.2,8,10.0,8,3.9,6,5.8,999.9,78.1,55.9,0.00I,999.9,000000
205,337610,99999,20160724,71.0,8,57.7,8,1014.4,8,993.4,8,11.1,8,5.8,7,9.7,999.9,82.0,60.6,0.00I,999.9,000000
206,337610,99999,20160725,72.9,8,60.0,8,1015.5,8,994.5,8,11.8,8,4.7,7,5.8,999.9,84.6,60.8,0.00I,999.9,000000
207,337610,99999,20160726,74.1,8,60.5,8,1016.2,8,995.2,8,11.3,8,3.9,8,7.8,999.9,85.6,62.6,0.00I,999.9,000000
208,337610,99999,20160727,76.0,8,60.6,8,1016.4,8,995.4,8,11.7,8,4.7,5,5.8,999.9,88.0,63.1,0.00E,999.9,000000
209,337610,99999,20160728,78.0,8,59.8,8,1015.5,8,994.7,8,11.7,8,3.4,4,3.9,999.9,90.5,62.6,0.00I,999.9,000000
210,337610,99999,20160729,79.6,8,58.7,8,1012.7,8,992.0,8,12.4,8,3.5,5,3.9,999.9,91.9,65.5,0.00I,999.9,000000
211,337610,99999,20160730,77.6,8,61.9,8,1012.6,8,991.8,8,12.4,8,3.9,7,5.8,999.9,87.4,69.8,0.00I,999.9,000000
212,337610,99999,20160731,74.9,7,62.7,7,1014.0,7,993.1,7,10.3,7,3.6,6,5.8,999.9,89.6,63.5,0.00I,999.9,000000
213,337610,99999,20160801,81.1,8,61.0,8,1012.7,8,992.1,8,11.2,8,4.2,7,7.8,999.9,93.4,65.5,0.00I,999.9,000010
214,337610,99999,20160802,77.9,8,63.3,8,1011.8,8,991.1,8,11.2,8,5.5,7,9.7,999.9,88.0,69.3,99.99,999.9,010010
215,337610,99999,20160803,67.9,7,62.4,7,1013.5,7,992.3,7,11.3,7,6.8,6,9.7,999.9,74.3,61.9*,1.18E,999.9,000000
216,337610,99999,20160804,70.0,8,56.0,8,1017.5,8,996.4,8,12.4,8,5.0,7,7.8,999.9,83.7,58.8,0.00I,999.9,000000
217,337610,99999,20160805,72.2,8,55.6,8,1017.7,8,996.6,8,12.0,8,4.7,5,5.8,999.9,84.2,58.5,0.00I,999.9,000000
218,337610,99999,20160806,75.2,8,57.5,8,1016.0,8,995.0,8,12.4,8,4.2,6,5.8,999.9,87.6,60.8,0.00I,999.9,000000
219,337610,99999,20160807,74.2,8,59.7,8,1016.3,8,995.4,8,12.4,8,8.0,8,13.6,999.9,85.5,65.8*,0.00I,999.9,000000
220,337610,99999,20160808,67.9,8,51.1,8,1019.9,8,998.5,8,11.7,8,6.6,8,9.7,999.9,78.8,58.6,0.00I,999.9,000000
221,337610,99999,20160809,69.1,8,50.5,8,1017.0,8,995.8,8,12.4,8,3.9,7,5.8,999.9,80.6,54.3,0.00I,999.9,000000
222,337610,99999,20160810,71.8,8,51.6,8,1012.6,8,991.6,8,12.4,8,3.2,6,5.8,999.9,86.0,55.8,0.00I,999.9,000000
223,337610,99999,20160811,75.3,8,54.5,8,1011.8,8,990.9,8,12.4,8,5.1,8,11.7,999.9,90.3,59.9,0.00I,999.9,000000
224,337610,99999,20160812,57.0,6,53.4,6,1017.8,6,996.0,6,7.5,6,10.0,6,15.5,999.9,59.4,55.4*,0.67F,999.9,010000
225,337610,99999,20160813,60.6,8,47.8,8,1021.0,8,999.3,8,11.0,8,6.9,7,9.7,999.9,68.7,54.0,0.02E,999.9,000000
226,337610,99999,20160814,64.5,8,50.0,8,1018.7,8,997.2,8,10.9,8,4.5,6,7.8,999.9,75.9,49.6,0.00I,999.9,000000
227,337610,99999,20160815,68.9,8,57.4,8,1017.8,8,996.6,8,12.4,8,4.2,6,5.8,999.9,79.0,60.3,0.00I,999.9,000000
228,337610,99999,20160816,64.5,7,60.7,7,1015.5,7,994.1,7,8.3,7,999.9,0,999.9,999.9,70.0,60.4,0.19F,999.9,000000
229,337610,99999,20160817,67.7,8,60.9,8,1012.8,8,991.6,8,8.1,8,999.9,0,999.9,999.9,79.7,58.6,0.00I,999.9,100000
230,337610,99999,20160818,70.1,8,63.7,8,1011.8,8,990.8,8,9.3,8,2.9,6,3.9,999.9,78.8,61.5,0.00I,999.9,000000
231,337610,99999,20160819,68.4,8,62.1,8,1014.1,8,993.0,8,7.2,8,3.1,5,3.9,999.9,79.7,59.5,0.00I,999.9,100000
232,337610,99999,20160820,72.8,8,62.1,8,1017.1,8,996.1,8,8.9,8,5.2,6,7.8,999.9,84.2,62.4,0.00I,999.9,000000
233,337610,99999,20160821,76.9,8,60.5,8,1017.5,8,996.7,8,12.4,8,6.6,8,11.7,999.9,88.9,66.2,0.00I,999.9,000000
234,337610,99999,20160822,78.9,8,63.6,8,1014.1,8,993.4,8,11.7,8,7.8,6,9.7,999.9,91.9,66.6,0.00I,999.9,000000
235,337610,99999,20160823,79.3,8,62.4,8,1013.1,8,992.4,8,12.4,8,7.0,5,9.7,999.9,92.7,69.3,0.00I,999.9,000010
236,337610,99999,20160824,68.1,7,61.9,7,1016.5,7,995.3,7,9.9,7,6.5,6,13.6,999.9,72.5,62.8*,0.00F,999.9,010000
237,337610,99999,20160825,67.0,8,51.8,8,1018.3,8,997.0,8,10.9,8,6.9,7,11.7,999.9,78.3,59.4,0.00I,999.9,000000
238,337610,99999,20160826,67.2,8,48.9,8,1021.5,8,1000.0,8,12.4,8,7.2,7,11.7,999.9,79.7,56.7,0.00I,999.9,000000
239,337610,99999,20160827,69.9,8,49.7,8,1022.0,8,1000.7,8,12.4,8,6.5,6,9.7,999.9,84.0,55.9,0.00I,999.9,000000
240,337610,99999,20160828,72.8,8,53.4,8,1019.7,8,997.8,8,12.4,8,999.9,0,999.9,999.9,86.9,56.3,0.00I,999.9,000000
241,337610,99999,20160829,76.6,8,55.9,8,1015.5,8,994.6,8,12.4,8,999.9,0,999.9,999.9,91.8,61.5,0.00I,999.9,000000
242,337610,99999,20160830,74.3,8,55.9,8,1013.2,8,992.2,8,12.4,8,6.6,5,11.7,999.9,92.5,59.9,0.20E,999.9,000000
243,337610,99999,20160831,65.3,8,50.1,8,1019.5,8,998.1,8,12.4,8,8.7,8,13.6,999.9,73.9,57.2,0.00I,999.9,000000
244,337610,99999,20160901,64.1,8,47.2,8,1022.0,8,1000.4,8,11.7,8,4.7,7,9.7,999.9,77.0,49.5,0.00I,999.9,000000
245,337610,99999,20160902,67.8,8,48.8,8,1017.6,8,996.3,8,12.4,8,3.2,6,5.8,999.9,82.4,52.5,0.00I,999.9,000000
246,337610,99999,20160903,69.5,8,48.6,8,1015.9,8,994.7,8,12.4,8,4.2,7,7.8,999.9,83.8,56.1,0.00I,999.9,000000
247,337610,99999,20160904,70.5,8,49.8,8,1016.2,8,995.0,8,12.4,8,3.6,7,3.9,999.9,83.1,56.3,0.00I,999.9,000000
248,337610,99999,20160905,74.2,8,50.7,8,1011.9,8,991.0,8,12.4,8,6.1,8,9.7,999.9,87.8,59.7,0.00I,999.9,000000
249,337610,99999,20160906,73.8,8,51.5,8,1017.7,8,996.6,8,12.4,8,3.6,8,3.9,999.9,87.3,55.4,0.00I,999.9,000000
250,337610,99999,20160907,70.5,7,55.9,7,1022.3,7,1001.0,7,12.4,7,5.1,5,7.8,999.9,84.2,60.6,0.00I,999.9,000000
251,337610,99999,20160908,71.9,8,53.5,8,1016.8,8,995.7,8,12.4,8,4.5,6,7.8,999.9,85.8,57.7,0.00I,999.9,000000
252,337610,99999,20160909,71.2,8,49.6,8,1015.6,8,994.5,8,12.4,8,4.1,8,5.8,999.9,85.1,59.9,0.00I,999.9,000000
253,337610,99999,20160910,69.9,8,50.2,8,1019.0,8,997.7,8,12.4,8,3.4,8,5.8,999.9,82.4,55.4,0.00I,999.9,000000
254,337610,99999,20160911,70.0,8,44.0,8,1019.2,8,998.0,8,12.4,8,4.4,7,7.8,999.9,82.6,55.0,0.00I,999.9,000000
255,337610,99999,20160912,71.3,8,48.3,8,1020.0,8,998.8,8,12.4,8,3.5,5,5.8,999.9,85.6,55.9,0.00I,999.9,000000
256,337610,99999,20160913,73.2,8,48.7,8,1014.9,8,993.9,8,12.4,8,4.9,8,7.8,999.9,87.1,59.2,0.00I,999.9,000000
257,337610,99999,20160914,65.9,8,44.2,8,1013.8,8,992.5,8,12.4,8,6.8,8,11.7,999.9,78.8,54.5,0.00I,999.9,000000
258,337610,99999,20160915,59.2,8,40.2,8,1018.7,8,997.0,8,12.4,8,4.2,7,5.8,999.9,71.6,46.6,0.00I,999.9,000000
259,337610,99999,20160916,65.8,8,40.5,8,1015.5,8,994.1,8,12.4,8,2.4,8,3.9,999.9,79.7,46.4,0.00I,999.9,000000
260,337610,99999,20160917,66.1,8,43.5,8,1012.8,8,991.5,8,12.4,8,4.2,6,5.8,999.9,78.4,53.2,0.00I,999.9,000000
261,337610,99999,20160918,58.4,7,46.0,7,1014.6,7,993.0,7,11.5,7,3.6,7,5.8,999.9,64.2,54.5,0.04F,999.9,010000
262,337610,99999,20160919,55.3,7,40.1,7,1013.1,7,991.4,7,12.4,7,5.0,7,7.8,999.9,59.4,50.0,0.04E,999.9,000000
263,337610,99999,20160920,52.5,8,33.9,8,1007.0,8,985.3,8,12.4,8,10.4,8,17.5,999.9,56.8,50.4,0.00I,999.9,000000
264,337610,99999,20160921,50.7,8,34.9,8,1011.6,8,989.7,8,12.4,8,4.6,8,9.7,999.9,58.1,43.7,0.00I,999.9,000000
265,337610,99999,20160922,50.1,8,41.2,7,1014.8,7,992.9,7,11.7,8,3.6,7,7.8,999.9,61.2,41.0,0.00I,999.9,000000
266,337610,99999,20160923,50.4,8,39.0,8,1020.5,8,998.4,8,9.6,8,4.9,6,7.8,999.9,61.3,39.6,0.00I,999.9,000000
267,337610,99999,20160924,53.8,8,43.0,8,1023.7,8,1001.7,8,10.9,8,2.8,7,5.8,999.9,64.6,43.2,0.00I,999.9,000000
268,337610,99999,20160925,56.3,8,48.0,8,1020.0,8,998.2,8,9.1,8,4.2,7,5.8,999.9,65.3,48.6,0.02F,999.9,000000
269,337610,99999,20160926,52.7,8,39.9,8,1021.2,8,999.2,8,11.7,8,6.3,8,13.6,999.9,61.3,45.5,0.00I,999.9,000000
270,337610,99999,20160927,54.5,8,40.0,8,1023.6,8,1001.5,8,12.4,8,5.6,7,11.7,999.9,64.6,45.3*,0.00I,999.9,000000
271,337610,99999,20160928,51.8,8,40.8,8,1025.2,8,1003.1,8,10.9,8,3.2,6,7.8,999.9,63.3,40.3,0.00I,999.9,000000
272,337610,99999,20160929,60.8,8,45.9,8,1018.3,8,996.6,8,12.4,8,5.8,7,9.7,999.9,79.9,49.1,0.00I,999.9,000000
273,337610,99999,20160930,64.9,8,50.8,8,1019.6,8,998.1,8,11.7,8,5.5,7,7.8,999.9,77.7,50.7,0.00I,999.9,000000
274,337610,99999,20161001,63.6,8,54.2,8,1018.8,8,997.3,8,8.1,8,7.3,8,11.7,999.9,75.2,55.2,0.00I,999.9,000000
275,337610,99999,20161002,61.5,8,52.7,8,1018.8,8,997.2,8,8.2,8,4.6,8,7.8,999.9,73.4,53.8,0.00I,999.9,100000
276,337610,99999,20161003,61.4,8,49.7,8,1017.1,8,995.5,8,9.9,8,2.7,5,3.9,999.9,74.3,48.0,0.00I,999.9,000000
277,337610,99999,20161004,60.0,8,53.1,8,1011.2,8,989.7,8,9.2,8,4.1,8,9.7,999.9,73.0,53.4,0.47E,999.9,010000
278,337610,99999,20161005,49.9,7,47.3,7,1011.3,7,989.4,7,5.0,7,3.9,6,3.9,999.9,58.1,39.4*,0.09F,999.9,010000
279,337610,99999,20161006,46.8,8,38.4,8,1018.9,8,996.6,8,9.9,8,2.5,7,3.9,999.9,57.2,37.0,0.00I,999.9,000000
280,337610,99999,20161007,49.1,8,44.3,8,1017.0,8,994.9,8,7.5,8,4.4,7,7.8,999.9,57.2,44.2,0.12E,999.9,000000
281,337610,99999,20161008,44.8,6,43.4,6,1012.4,6,990.2,6,2.5,6,9.7,6,15.5,999.9,46.6*,42.8*,1.46F,999.9,010000
282,337610,99999,20161009,46.8,7,38.0,7,1017.6,7,995.4,7,11.5,7,7.8,7,11.7,999.9,53.6,41.0,0.04E,999.9,000000
283,337610,99999,20161010,47.8,8,37.4,8,1019.8,8,997.5,8,10.6,8,5.1,8,7.8,999.9,57.7,39.9,0.00I,999.9,000000
284,337610,99999,20161011,48.3,8,39.4,8,1019.9,8,997.7,8,9.6,8,3.6,7,7.8,999.9,58.1,37.2,0.00I,999.9,000000
285,337610,99999,20161012,46.4,7,39.6,7,1015.5,7,993.4,7,8.2,7,14.4,7,19.4,999.9,51.6,42.1*,0.87E,999.9,010000
286,337610,99999,20161013,38.9,6,38.0,6,1012.9,6,990.5,6,2.4,6,13.3,6,15.5,999.9,41.0,37.8*,1.57F,999.9,010000
287,337610,99999,20161014,41.5,8,34.7,8,1024.5,8,1001.9,8,8.7,8,7.5,8,13.6,999.9,50.9,35.6*,0.00I,999.9,000000
288,337610,99999,20161015,34.6,8,31.7,8,1030.1,8,1007.0,8,6.4,8,2.9,8,3.9,999.9,37.0,29.7,0.00I,999.9,000000
289,337610,99999,20161016,39.9,8,32.0,8,1032.5,8,1009.6,8,9.9,8,4.6,8,7.8,999.9,48.6,35.1,0.00I,999.9,000000
290,337610,99999,20161017,37.8,8,30.5,8,1038.7,8,1015.6,8,8.2,8,3.6,6,5.8,999.9,48.7,30.2,0.00I,999.9,000000
291,337610,99999,20161018,37.4,8,28.0,8,1035.3,8,1012.2,8,9.8,8,3.3,7,5.8,999.9,47.3,28.0,0.00I,999.9,000000
292,337610,99999,20161019,37.4,8,30.5,8,1029.2,8,1006.4,8,8.7,8,3.6,8,7.8,999.9,46.9,28.4,0.00I,999.9,000000
293,337610,99999,20161020,39.4,8,32.8,8,1028.1,8,1005.3,8,8.7,8,4.1,8,5.8,999.9,47.1,28.8,0.00I,999.9,000000
294,337610,99999,20161021,40.7,8,35.1,8,1027.4,8,1004.7,8,11.2,8,5.6,8,7.8,999.9,41.7,39.6,0.00I,999.9,000000
295,337610,99999,20161022,43.3,7,38.5,7,1024.3,7,1001.7,7,8.4,7,5.5,7,7.8,999.9,46.4,39.9*,0.00E,999.9,000000
296,337610,99999,20161023,42.8,8,35.6,8,1027.8,8,1005.2,8,11.7,8,5.1,8,7.8,999.9,46.4,39.2*,0.00I,999.9,000000
297,337610,99999,20161024,40.4,8,31.9,8,1033.7,8,1010.8,8,9.9,8,5.0,7,7.8,999.9,47.7,33.3,0.00I,999.9,000000
298,337610,99999,20161025,39.3,8,29.0,7,1034.7,8,1012.1,8,12.4,8,7.0,8,11.7,999.9,45.5,35.6*,0.00I,999.9,000000
299,337610,99999,20161026,36.2,8,28.2,8,1027.8,8,1004.9,8,12.4,8,5.3,8,7.8,999.9,40.3,31.3,0.00I,999.9,000000
300,337610,99999,20161027,38.7,8,31.0,8,1030.8,8,1008.0,8,12.4,8,4.6,8,7.8,999.9,44.8,34.5*,0.00I,999.9,000000
301,337610,99999,20161028,35.2,8,26.8,8,1033.8,8,1010.7,8,8.9,8,3.1,7,5.8,999.9,45.5,26.4,0.00I,999.9,000000
302,337610,99999,20161029,41.4,8,34.1,8,1019.1,8,996.6,8,9.9,8,6.6,8,9.7,999.9,51.8,32.5,0.00F,999.9,010000
303,337610,99999,20161030,39.6,7,33.5,7,1013.6,7,991.1,7,9.2,7,5.8,7,7.8,999.9,46.4,35.2,0.00E,999.9,000000
304,337610,99999,20161031,38.7,7,35.1,7,1016.3,7,993.7,7,6.2,7,4.4,7,5.8,999.9,46.4,36.1*,0.09F,999.9,010000
305,337610,99999,20161101,33.1,8,29.5,8,1021.5,8,998.6,8,5.4,8,4.3,5,5.8,999.9,37.0,29.7*,0.00I,999.9,000000
306,337610,99999,20161102,36.4,7,33.3,7,1015.4,7,992.8,7,5.7,7,6.5,6,11.7,999.9,41.2,26.6,0.16E,999.9,010000
307,337610,99999,20161103,42.3,8,36.1,8,1013.6,8,991.3,8,8.1,8,3.9,6,5.8,999.9,50.9,37.4,0.02E,999.9,000000
308,337610,99999,20161104,36.9,8,28.0,8,1022.8,8,1000.1,8,11.7,8,4.4,8,5.8,999.9,45.5,32.7,0.00I,999.9,000000
309,337610,99999,20161105,39.1,8,30.4,8,1022.3,8,999.6,8,12.4,8,6.3,8,11.7,999.9,46.9,31.1,0.00I,999.9,000000
310,337610,99999,20161106,50.6,8,46.8,8,1009.5,8,987.6,8,5.7,8,10.7,8,15.5,999.9,57.2,42.8,0.00I,999.9,000000
311,337610,99999,20161107,55.4,8,46.3,8,1003.4,8,981.9,8,8.9,8,6.9,7,9.7,999.9,67.1,47.8*,0.00I,999.9,000000
312,337610,99999,20161108,41.7,7,40.3,7,1011.2,7,988.9,7,2.8,7,5.8,7,9.7,999.9,42.8,38.7,0.57F,999.9,010000
313,337610,99999,20161109,42.8,7,41.7,6,1006.6,7,984.4,7,2.4,7,4.7,7,7.8,999.9,45.5*,40.1,0.16F,999.9,110000
314,337610,99999,20161110,39.0,6,35.8,6,1008.3,6,986.0,6,4.8,6,4.9,6,7.8,999.9,43.2*,34.9*,0.63F,999.9,010000
315,337610,99999,20161112,38.1,8,34.8,8,1023.0,8,1000.2,8,6.3,8,5.6,8,7.8,999.9,47.3,30.2,0.00I,999.9,100000
316,337610,99999,20161113,40.4,7,39.2,7,1007.7,7,985.4,7,2.8,7,9.4,7,15.5,999.9,45.3,38.5*,0.79F,999.9,010000
317,337610,99999,20161114,31.4,7,26.3,7,1024.1,7,1001.0,7,10.1,7,9.2,7,11.7,999.9,32.4*,30.9*,0.04E,999.9,000000
318,337610,99999,20161115,29.2,7,25.6,7,1030.1,7,1006.8,7,8.2,7,8.0,7,11.7,999.9,31.1,27.5,0.02E,999.9,001000
319,337610,99999,20161116,28.5,7,26.2,7,1026.6,7,1003.3,7,2.8,7,3.3,7,3.9,999.9,30.2,26.4,0.00F,0.4,001000
320,337610,99999,20161117,33.4,8,30.6,8,1025.0,8,1002.0,8,4.5,8,6.6,8,9.7,999.9,38.8,28.9,0.00I,0.4,000000
321,337610,99999,20161118,42.1,8,38.6,8,1025.8,8,1003.2,8,7.6,8,9.7,8,13.6,999.9,49.3,33.8,0.00I,999.9,000000
322,337610,99999,20161119,40.5,8,38.1,8,1030.7,8,1007.9,8,4.3,8,9.2,8,11.7,999.9,44.6,36.3*,0.00I,999.9,000000
323,337610,99999,20161120,33.3,7,31.2,7,1032.1,7,1009.0,7,4.0,7,7.5,7,9.7,999.9,35.8,29.8*,0.00E,999.9,000000
324,337610,99999,20161121,32.7,8,30.1,8,1033.9,8,1010.7,8,4.0,8,7.3,8,9.7,999.9,33.8*,29.3,0.00I,999.9,000000
325,337610,99999,20161122,31.4,7,29.9,7,1034.8,7,1011.5,7,2.6,7,5.0,7,9.7,999.9,33.6*,30.6*,0.01E,999.9,001000
326,337610,99999,20161123,29.2,7,27.2,7,1033.6,7,1010.2,7,4.0,7,4.7,7,5.8,999.9,34.7,25.2*,0.00E,0.4,100000
327,337610,99999,20161124,26.2,7,25.7,7,1028.0,7,1004.6,7,1.3,7,2.8,7,3.9,999.9,28.8*,24.1,0.01F,999.9,101000
328,337610,99999,20161125,32.1,8,30.7,8,1021.5,8,998.6,8,3.3,8,3.2,8,7.8,999.9,34.3*,28.0,0.00I,999.9,000000
329,337610,99999,20161126,34.3,8,27.7,8,1021.1,8,998.2,8,9.6,8,4.1,8,7.8,999.9,39.9,31.3*,0.00I,999.9,000000
330,337610,99999,20161127,35.6,8,35.4,8,1008.0,8,985.5,8,0.6,8,6.3,8,9.7,999.9,37.2*,31.1,0.00E,999.9,110000
331,337610,99999,20161128,33.1,7,26.3,7,1011.6,7,988.9,7,11.0,7,5.3,7,7.8,999.9,39.2,28.0*,0.08E,999.9,000000
332,337610,99999,20161129,28.8,8,21.9,8,1020.4,8,997.3,8,10.4,8,7.3,8,11.7,999.9,35.2,23.2*,0.01E,999.9,001000
333,337610,99999,20161130,21.7,7,13.2,7,1025.4,7,1001.9,7,11.6,7,4.5,6,5.8,999.9,26.8,15.4,0.00E,0.4,000000
334,337610,99999,20161201,27.7,7,25.6,7,1013.7,7,990.7,7,3.5,7,5.5,7,7.8,999.9,32.2,22.6,0.03F,0.4,001000
335,337610,99999,20161202,29.0,7,27.9,7,999.6,7,977.0,7,2.3,7,6.9,7,11.7,999.9,31.8,26.6,0.12E,0.8,001000
336,337610,99999,20161203,29.4,6,24.4,6,1012.9,6,990.0,6,9.9,6,7.1,6,9.7,999.9,34.2,26.2,0.09F,2.0,001000
337,337610,99999,20161204,24.6,6,20.0,6,1025.8,6,1002.4,6,10.6,6,5.8,6,11.7,999.9,33.8,21.2,0.01F,2.0,001000
338,337610,99999,20161205,21.6,7,15.6,7,1032.1,7,1008.3,7,10.5,7,5.3,7,9.7,999.9,28.9,13.5,0.00I,2.4,000000
339,337610,99999,20161206,29.0,8,22.3,8,1021.6,8,998.5,8,9.3,8,7.5,8,9.7,999.9,36.1,23.0,0.00I,2.0,000000
340,337610,99999,20161207,19.4,8,12.6,8,1035.9,8,1012.0,8,11.2,8,6.8,8,15.5,999.9,28.6*,14.5*,0.00I,1.6,000000
341,337610,99999,20161208,25.9,8,20.8,8,1027.1,8,1003.7,8,10.2,8,9.0,8,13.6,999.9,38.3*,13.6,0.01E,1.6,010000
342,337610,99999,20161209,40.8,7,35.8,7,1015.1,7,992.7,7,11.5,7,9.2,7,11.7,999.9,42.8,37.8,0.04E,999.9,000000
343,337610,99999,20161210,43.0,7,38.5,7,1013.0,7,990.7,7,8.4,7,8.6,7,9.7,999.9,45.1,39.6,0.05F,999.9,010000
344,337610,99999,20161211,44.9,7,41.1,7,1008.8,7,986.7,7,8.3,7,7.5,7,9.7,999.9,48.6,42.3,0.01F,999.9,010000
345,337610,99999,20161212,38.2,8,31.2,8,1005.7,8,983.3,8,11.7,8,12.4,8,17.5,999.9,45.5,26.1*,0.02E,999.9,011000
346,337610,99999,20161213,20.3,7,13.7,7,1026.7,7,1003.0,7,12.4,7,8.0,7,13.6,999.9,24.4,16.9,0.00I,999.9,000000
347,337610,99999,20161214,23.4,8,16.6,8,1022.5,8,999.1,8,9.9,8,5.8,8,7.8,999.9,32.0,15.4,0.00E,999.9,001000
348,337610,99999,20161215,26.5,6,23.8,6,1022.6,6,999.4,6,5.4,6,9.7,6,15.5,999.9,30.4,23.5*,0.24F,3.9,001000
349,337610,99999,20161216,15.6,8,10.7,8,1036.1,8,1011.9,8,10.4,8,5.8,8,11.7,999.9,20.5*,10.6*,99.99,2.8,010000
350,337610,99999,20161217,20.5,7,18.2,7,1034.6,7,1010.8,7,3.6,7,4.2,6,5.8,999.9,25.9,10.6,0.04F,2.8,001000
351,337610,99999,20161218,26.4,8,24.8,8,1032.1,8,1008.6,8,2.4,8,3.6,8,5.8,999.9,30.2,24.8,0.00I,2.8,000000
352,337610,99999,20161219,28.5,7,25.8,7,1028.9,7,1005.6,7,3.9,7,6.4,7,7.8,999.9,33.8*,23.7,0.00E,2.8,000000
353,337610,99999,20161220,31.8,6,27.7,6,1030.5,6,1007.3,6,8.1,6,8.4,6,11.7,999.9,34.0,29.5*,0.04F,2.8,001000
354,337610,99999,20161221,25.8,8,20.3,8,1036.8,8,1013.2,8,11.7,8,4.4,7,7.8,999.9,29.3,19.4,0.00I,2.4,000000
355,337610,99999,20161222,27.2,8,24.1,8,1033.1,8,1009.7,8,6.2,8,3.6,8,5.8,999.9,34.7,22.8,0.00I,2.0,000000
356,337610,99999,20161223,22.2,8,22.2,8,1031.8,8,1008.1,8,0.2,8,2.4,4,3.9,999.9,24.4*,18.7,0.00I,2.0,100000
357,337610,99999,20161224,29.8,8,28.7,8,1028.2,8,1005.0,8,2.8,8,4.9,6,7.8,999.9,31.6,21.9,0.00I,2.0,100000
358,337610,99999,20161225,30.0,7,29.0,7,1018.9,7,995.8,7,2.8,7,4.2,7,5.8,999.9,33.8,28.0,0.00F,2.0,011000
359,337610,99999,20161226,31.4,7,29.5,7,1022.4,7,999.4,7,5.7,7,5.8,5,9.7,999.9,38.5,27.3,0.00E,1.6,000000
360,337610,99999,20161227,34.5,7,30.6,7,1016.1,7,993.4,7,7.8,7,7.2,7,11.7,999.9,39.2,29.5,0.12F,1.2,010000
361,337610,99999,20161228,34.2,7,29.3,7,1016.0,7,993.2,7,11.1,7,6.7,7,9.7,999.9,37.6,32.4*,0.00E,1.2,011000
362,337610,99999,20161229,30.9,7,25.8,7,1029.5,7,1006.3,7,9.6,7,13.9,7,15.5,999.9,32.7,30.2*,0.00E,1.2,001000
363,337610,99999,20161230,27.6,7,22.3,7,1034.8,7,1011.3,7,11.5,7,11.4,7,15.5,999.9,30.0,22.8*,0.00E,1.2,000000
364,337610,99999,20161231,24.3,8,22.2,8,1027.9,8,1004.4,8,3.6,8,3.9,8,5.8,999.9,28.8,19.2,0.00I,1.2,000000
